@F1@,11-Aug-76,Years not provided,@I2@,Rob /Smith/,@I1@,Matthew /Smith/,
@F8@,5-May-98,Years not provided,@I6@,Joe /Doe/,@I7@,Dorothy /Williams/,
@F4@,Years not provided,Years not provided,@I6@,Joe /Doe/,@I8@,Elizabeth /Johnson/,@I3@
@F5@,4-May-99,Years not provided,@I5@,Jason /Smith/,@I4@,John /Smith/,
@F6@,Years not provided,Years not provided,@I5@,Jason /Smith/,@I11@,Linda /Davis/,@I13@
@F12@,4-Apr-01,Years not provided,@I10@,Charles /Smith/,@I11@,Linda /Davis/,
@F7@,Years not provided,Years not provided,@I5@,Jason /Smith/,@I12@,Jennifer /Brown/,@I9@
@F9@,Years not provided,Years not provided,@I6@,Joe /Doe/,@I14@,Jessica /Dunn/,
@F10@,4-Apr-00,Years not provided,@I9@,Jeff /Smith/,@I8@,Elizabeth /Johnson/,