ID,Name,Gender,Birthday,Death,Age,Child in,Spouse in
@I1@,Matthew /Smith/,M,17-Jan-60,Alive,57,@F3@,@F2@
@I2@,Rob /Smith/,M,25-Apr-79,Alive,38,@F2@,@F1@
@I3@,Anne /Doe/,F,4-Apr-85,Alive,32,@F4@,@F2@
@I4@,John /Smith/,M,27-Jan-95,Alive,22,@F2@,@F5@
@I6@,Joe /Doe/,M,12-Apr-27,Alive,90,???,@F9@
@I9@,Jeff /Smith/,M,1-Mar-99,Alive,18,@F7@,@F10@
@I12@,Jennifer /Brown/,F,14-May-68,Alive,49,???,@F11@
@I13@,Arnold /Smith/,M,20-Dec-00,Alive,16,@F6@,None
@I15@,Sam /Anderson/,M,7-Aug-57,Alive,60,???,None
@I17@,Lilly /Anderson/,F,16-Jun-60,Alive,57,???,None
@I18@,Robert /Anderson/,M,16-Sep-77,Alive,40,???,None
@I19@,Julie /Anderson/,F,7-May-80,Alive,37,???,None
@I20@,Jonathan /Sam/,M,6-Oct-80,Alive,37,???,None
@I21@,Angelina /Gilbert/,F,17-Jun-82,Alive,35,???,None
@I22@,Stevens /David/,M,16-Jun-78,Alive,39,???,None
@I23@,Molly /Fischer/,F,16-Jun-79,Alive,38,???,None
@I24@,Sam /Rovins/,M,17-Jun-80,Alive,37,???,None
@I25@,Emily /Sam/,F,5-Jun-83,Alive,34,???,None
@I26@,Agatha /Bill/,F,20-May-81,Alive,36,???,None
@I27@,James /Rovins/,M,11-Jul-03,Alive,14,???,None
@I28@,Oliver /Stevens/,M,16-Jun-00,Alive,17,???,None
@I29@,Rosie /Jonathan/,F,23-Jul-02,Alive,15,???,None
@I30@,Johnson /Johnson/,M,23-Jul-20,Alive,-1,???,None
@I31@,Johnson /Johnson/,M,23 JUL 1815,Alive,202,???,None
,,,,,,,