ID,Name,Gender,Birthday,Death,Age,Child in,Spouse in
@I5@,Jason /Smith/,M,6-Mar-66,2-Sep-90,51,@F3@,@F7@
@I7@,Dorothy /Williams/,F,11-Jan-28,17-Jul-10,89,???,@F8@
@I8@,Elizabeth /Johnson/,F,19-Nov-30,13-Oct-13,86,???,@F11@
@I10@,Charles /Smith/,M,25-Feb-26,16-Sep-87,91,???,@F12@
@I11@,Linda /Davis/,F,4-Nov-67,5-Feb-00,49,???,@F12@
@I14@,Jessica /Dunn/,F,5-Mar-90,14-Apr-30,27,???,@F9@
@I16@,Mary /Jacobs/,F,13-Aug-02,7-Sep-00,15,???,None
@I32@,Help /Me/,F,20 MAY 1800,10-Apr-20,217,???,None